ID,Name,Age,"Created At","Updated At"
11,"Jessika Sipes",19,2026_08_18_071642,2026_08_18_071642
12,"Prof. Kaycee Cummings",56,2026_08_18_071642,2026_08_18_071642
13,"Lorine Armstrong",93,2026_08_18_071642,2026_08_18_071642
14,"Leta Roob",51,2026_08_18_071642,2026_08_18_071642
15,"Dr. Lukas Medhurst",10,2026_08_18_071642,2026_08_18_071642
16,"Tyrique Turner",15,2026_08_18_071642,2026_08_18_071642
17,"Yasmine Koss",36,2026_08_18_071642,2026_08_18_071642
18,"Demarcus Bode",39,2026_08_18_071642,2026_08_18_071642
19,"Andrew Flatley",62,2026_08_18_071642,2026_08_18_071642
20,"Ezequiel Rogahn",40,2026_08_18_071642,2026_08_18_071642
